GEOID,neighborhood_name
131210102233,Mt. Paran/Northside
130890224051,Emory
130890224052,Emory
130890215051,Emory
130890238014,East Atlanta
130890237012,The Villages at East Lake
130890209011,East Atlanta
130890224053,Emory
130890215061,Emory
130890224014,Edmund Park
130890211041,Ridgedale Park
130670312122,Paces
130670303551,Paces
130890209022,East Atlanta
130890237022,East Atlanta
130890237023,East Atlanta
130890215022,Morningside/Lenox Park
130890215023,Lindridge/Martin Manor
130890215054,Emory
130890234443,South River Gardens
130890201002,Morningside/Lenox Park
130890238023,Norwood Manor
130890238013,Woodland Hills
130890224012,Druid Hills
130890208024,East Lake
130890237021,East Atlanta
130670312132,Paces
130670313142,Atlanta Industrial Park
130670313162,Bankhead/Bolton
130890206001,Kirkwood
130670312141,Whittier Mill Village
130890211032,Brookhaven
130890224011,Druid Hills
130890214054,Pine Hills
130890224041,Emory
130890205003,Kirkwood
130890209012,Woodland Hills
130890209021,East Atlanta
130890237011,East Atlanta
130890214153,Pine Hills
130890236012,East Lake
130890202002,Candler Park
130890206002,Kirkwood
130890207002,Kirkwood
130890208012,Kirkwood
130890208011,The Villages at East Lake
131210080004,Adams Park
131210097003,Cross Creek
131210055012,Chosewood Park
131210023002,Washington Park
131210078051,Midwest Cascade
131210078052,Boulder Park
131210078061,Boulder Park
131210078071,Westhaven
131210078081,Fairburn Mays
131210079002,Cascade Heights
131210079003,Horseshoe Community
131210102111,Mt. Paran/Northside
131210102112,East Chastain Park
131210082021,Fairburn Heights
131210082022,Old Gordon
131210083012,Dixie Hills
131210083021,Penelope Neighbors
131210084002,Grove Park
131210085001,Grove Park
131210085002,Grove Park
131210007002,Knight Park/Howell Station
131210086011,Brookview Heights
131210086012,Center Hill
131210086014,Center Hill
131210086013,Center Hill
131210111001,Perkerson
131210111003,Perkerson
131210024002,Mozley Park
131210097002,Wildwood (NPU-C)
131210010021,Downtown
131210070022,Browns Mill Park
131210095011,Colonial Homes
131210113014,Continental Colony
131210113015,Continental Colony
131210097001,West Paces Ferry/Northside
131210098021,West Paces Ferry/Northside
131210071002,Norwood Manor
131210072002,South River Gardens
131210074001,Hammond Park
131210068011,Lakewood Heights
131210077032,Meadowbrook Forest
130890208022,The Villages at East Lake
131210014003,Old Fourth Ward
131210075001,Perkerson
131210075003,Perkerson
131210076023,Baker Hills at Campbellton
131210093012,Peachtree Hills
131210091051,Brookwood Hills
131210094081,Pine Hills
131210006021,Home Park
131210078092,Niskey Lake
131210082031,Collier Heights
131210078064,Fairburn Mays
131210078101,Kings Forest
131210077101,Huntington
131210113091,Greenbriar
131210057002,Adair Park
131210096042,Garden Hills
131210055042,The Villages at Carver
131210038002,Atlanta University Center
131210030003,Inman Park
131210006022,Home Park
131210094101,Pine Hills
131210011012,Midtown
131210077092,Princeton Lakes
131210094102,Pine Hills
131210011021,Midtown
131210011011,Midtown
131210011013,Midtown
131210011022,Midtown
131210012041,Midtown
131210012042,Midtown
131210012051,Midtown
131210012052,Downtown
131210012032,Old Fourth Ward
131210013011,Midtown
131210119011,Downtown
131210019021,Downtown
131210019022,Old Fourth Ward
131210013012,Old Fourth Ward
131210091042,Ardmore
131210096043,Garden Hills
131210089061,Underwood Hills
131210089071,Underwood Hills
131210095041,Peachtree Heights West
131210098041,Wildwood (NPU-C)
131210098042,Brandon
131210029002,Inman Park
131210005021,Midtown
131210089053,Knight Park/Howell Station
131210006012,Georgia Tech
131210118022,Vine City
131210010022,Downtown
131210006013,Georgia Tech
131210094051,Lindridge/Martin Manor
131210092031,Morningside/Lenox Park
131210002022,Virginia Highland
131210089091,Berkeley Park
131210087011,English Park
131210094112,Pine Hills
131210094092,Lindbergh/Morosgo
131210102114,East Chastain Park
130890224013,Edmund Park
131210100032,Peachtree Park
131210092032,Lindridge/Martin Manor
131210100061,North Buckhead
131210094062,Lindridge/Martin Manor
131210021002,Downtown
131210012061,Midtown
131210012062,Midtown
131210012063,Midtown
131210089062,Underwood Hills
131210089051,Berkeley Park
131210091032,Brookwood
131210005013,Home Park
130890224031,Kirkwood
130890224032,Druid Hills
131210078103,Kings Forest
131210063002,Adair Park
131210076032,Fort Valley
130890227001,East Lake
130890229002,East Lake
130890231012,East Lake
131210001004,Morningside/Lenox Park
131210001001,Virginia Highland
131210098022,Paces
131210077102,Huntington
130890227003,East Lake
131210100033,Tuxedo Park
131210101362,North Buckhead
131210100041,East Chastain Park
131210100051,North Buckhead
131210100031,Tuxedo Park
131210100072,Lenox
131210101361,North Buckhead
130890231013,East Lake
131210036002,Atlanta University Center
131210019023,Old Fourth Ward
131210017012,Old Fourth Ward
131210119013,Sweet Auburn
131210018021,Old Fourth Ward
131210028011,Sweet Auburn
131210018011,Old Fourth Ward
131210099005,Tuxedo Park
131210103123,Midwest Cascade
131210119022,Grant Park
131210018022,Old Fourth Ward
131210028022,Sweet Auburn
131210028021,Sweet Auburn
131210016002,Inman Park
131210032002,Grant Park
131210084004,Grove Park
131210025003,Atlanta University Center
131210019011,Downtown
131210026002,Atlanta University Center
131210005014,Midtown
131210118021,Historic Westin Heights/Bankhead
131210077091,Princeton Lakes
131210113092,Princeton Lakes
131210073021,Blair Villa/Poole Creek
131210077112,Brentwood
131210015021,Atkins Park
131210112032,Sylvan Hills
131210110003,Hammond Park
131210088011,Lincoln Homes
131210087013,Carey Park
131210088021,Hills Park
131210108023,Blair Villa/Poole Creek
131210108011,Blair Villa/Poole Creek
131210108021,Blair Villa/Poole Creek
131210017022,Inman Park
131210089052,Knight Park/Howell Station
131210087022,West Highlands
131210087021,West Highlands
131210088022,West Highlands
131210089081,Berkeley Park
131210090022,Channing Valley
131210090012,Channing Valley
131210091033,Brookwood
131210089082,Loring Heights
131210078094,Elmco Estates
131210070014,Browns Mill Park
131210073014,Glenrose Heights
131210070012,Browns Mill Park
131210077071,Greenbriar
131210112041,Sylvan Hills
131210077081,Greenbriar
131210077082,Southwest
131210076042,Campbellton Road
131210112042,Fort Valley
131210005012,Atlantic Station
131210005011,Home Park
131210067022,Polar Rock
131210055032,Lakewood Heights
131210067021,Lakewood Heights
131210090021,Channing Valley
131210091061,Brookwood Hills
131210092021,Morningside/Lenox Park
131210001005,Morningside/Lenox Park
131210100052,North Buckhead
131210077072,Southwest
131210089073,Wildwood (NPU-C)
131210089072,Underwood Hills
131210095014,Peachtree Battle Alliance
131210095012,Garden Hills
131210094053,Peachtree Hills
131210094052,Peachtree Hills
131210067012,High Point
131210044002,Pittsburgh
131210092012,Lindridge/Martin Manor
131210091062,Brookwood Hills
131210093023,Peachtree Hills
131210094082,Lindbergh/Morosgo
131210102113,East Chastain Park
131210099001,Kingswood
131210079004,Green Forest Acres
131210042003,Adair Park
131210120003,Mechanicsville
131210098031,Castlewood
131210099002,Castlewood
131210095042,Garden Hills
131210096051,Garden Hills
131210050002,Ormewood Park
131210096041,Garden Hills
131210048002,Summerhill
131210119012,Grant Park
131210099003,Mt. Paran/Northside
131210100071,Lenox
131210082043,Harland Terrace
131210098023,Mt. Paran/Northside
131210096071,Lenox
131210078073,Adamsville
131210082041,Collier Heights
131210081032,Chalet Woods
131210081041,Beecher Hills
131210091041,Collier Hills
131210093022,Peachtree Hills
131210002011,Morningside/Lenox Park
131210091052,Brookwood Hills
131210094091,Pine Hills
131210002012,Morningside/Lenox Park
131210006023,Marietta Street Artery
131210006011,Marietta Street Artery
131210002021,Virginia Highland
131210002023,Virginia Highland
131210021003,Downtown
131210015022,Atkins Park
131210015012,Poncey-Highland
131210082032,Center Hill
131210103052,Fairway Acres
131210103051,Wildwood Forest
131210078091,Wildwood Forest
131210082042,Fairburn Heights
131210081031,Peyton Forest
131210078102,Fairburn
131210077111,Princeton Lakes
131210081042,Audobon Forest
131210113093,Greenbriar
131210078083,Harland Terrace
131210078093,Sandlewood Estates
131210083013,Dixie Hills
131210081043,Cascade Avenue/Road
131210084003,Grove Park
131210061003,Cascade Avenue/Road
131210055041,Lakewood Heights
131210091043,Peachtree Hills
131210055031,Joyland
131210043003,Pittsburgh
131210013021,Old Fourth Ward
131210012031,Old Fourth Ward
131210017021,Old Fourth Ward
131210018012,Old Fourth Ward
131210014002,Old Fourth Ward
131210015011,Candler Park
131210103121,Midwest Cascade
131210095032,Garden Hills
131210094071,Pine Hills
131210095031,Garden Hills
131210100062,Peachtree Park
131210001003,Morningside/Lenox Park
131210005022,Midtown
131210094111,Pine Hills
131210094061,Lindbergh/Morosgo
131210092022,Ansley Park
131210096061,Lindbergh/Morosgo
131210103072,Huntington
131210077093,Princeton Lakes
131210072003,Blair Villa/Poole Creek
131210017011,Old Fourth Ward
131210073011,Blair Villa/Poole Creek
131210108022,Glenrose Heights
131210073012,Glenrose Heights
131210007001,Grove Park
131210118011,Historic Westin Heights/Bankhead
131210087012,Carey Park
131210077103,Ben Hill
131210077053,Continental Colony
131210112031,Fort Valley
131210013022,Old Fourth Ward
131210089032,Hills Park
131210074003,Glenrose Heights
131210089054,Blandtown
131210091031,Ardmore
131210090011,Channing Valley
131210073013,Glenrose Heights
131210073022,Blair Villa/Poole Creek
131210067011,Betmar LaVilla
131210098032,Westminster/Milmar
131210093021,Peachtree Hills
131210093011,Peachtree Hills
131210092011,Morningside/Lenox Park
131210100042,North Buckhead
131210081033,Peyton Heights
131210096053,Peachtree Park
131210096052,Garden Hills
131210096044,Garden Hills
131210096072,Lenox
131210052004,East Atlanta
131210096073,Lenox
131210078062,Fairburn Mays
131210078072,Adamsville
131210083011,Florida Heights
131210025002,Washington Park
131210119021,Grant Park
131210030001,Cabbagetown
131210078053,Adamsville
131210070023,Lakewood Heights
131210055011,Peoplestown
131210082024,Old Gordon
131210075002,Sylvan Hills
131210078082,Adamsville
131210072001,Blair Villa/Poole Creek
131210060001,Westview
131210023001,Vine City
131210076022,Adams Park
131210062002,Oakland City
131210084001,Hunter Hills
131210016001,Inman Park
131210023003,Washington Park
131210024001,Atlanta University Center
131210029001,Sweet Auburn
131210031001,Reynoldstown
131210039001,West End
131210040001,Penelope Neighbors
131210076021,Pomona Park
131210001002,Virginia Highland
131210040002,Penelope Neighbors
131210040003,Mozley Park
131210041001,West End
131210041002,West End
131210041003,West End
131210042001,Harris Chiles
131210049001,Summerhill
131210052001,East Atlanta
131210052002,Woodland Hills
131210053001,Boulevard Heights
131210053003,Chosewood Park
131210053002,Peoplestown
131210060002,Westwood Terrace
131210060003,Cascade Avenue/Road
131210060004,Cascade Avenue/Road
131210061002,Cascade Avenue/Road
131210064001,Lakewood Heights
131210065001,Lakewood Heights
131210065002,Sylvan Hills
131210062001,Oakland City
131210068021,Norwood Manor
131210069001,Custer/McDonough/Guice
131210069002,Thomasville Heights
131210069003,Custer/McDonough/Guice
131210070013,Glenrose Heights
131210120002,Peoplestown
131210048001,Capitol Gateway
131210120001,Peoplestown
131210061001,Cascade Avenue/Road
131210085003,Almond Park
131210065004,Capitol View
131210044001,Pittsburgh
131210066011,Sylvan Hills
131210066021,Venetian Hills
131210080002,Venetian Hills
131210080001,Fort McPherson
131210070021,Browns Mill Park
131210080003,Adams Park
131210077052,Greenbriar
131210077031,Meadowbrook Forest
131210078063,Fairburn Mays
131210079001,Cascade Heights
131210010011,Georgia Tech
131210096011,Peachtree Heights West
131210080005,Adams Park
131210086021,Center Hill
131210082023,Fairburn Heights
131210096012,South Tuxedo Park
131210077051,Continental Colony
131210039002,West End
131210030002,Inman Park
131210036001,Atlanta University Center
131210095013,Peachtree Hills
131210099004,East Chastain Park
131210004002,Midtown
131210004001,Midtown
131210058001,Capitol View
131210063001,South Atlanta
131210057001,Adair Park
131210037001,Atlanta University Center
131210025001,Atlanta University Center
131210032001,Grant Park
131210066012,Sylvan Hills
131210070024,Lakewood Heights
131210052003,East Atlanta
131210070011,Browns Mill Park
131210021001,Downtown
131210035002,Castleberry Hill
131210014001,Virginia Highland
131210038001,Atlanta University Center
131210050001,Grant Park
131210042002,West End
131210043001,Adair Park
131210043002,Atlanta University Center
131210065003,Capitol View
131210113061,Princeton Lakes
131210049002,Summerhill
131210035001,Capitol Gateway
131210010012,Downtown
131210026001,Atlanta University Center
131210074002,Glenrose Heights
131210076033,Pomona Park
131210076031,Fort Valley
131210071001,South River Gardens
131210076041,Baker Hills at Campbellton
130890238034,East Atlanta
130670312121,Paces
130639800001,Blair Villa/Poole Creek
130890214152,Pine Hills
130890208023,East Lake
130890238012,East Atlanta
130890204002,Reynoldstown
130890228002,East Lake
131210031002,Reynoldstown
131210077033,Southwest
131210086022,Bankhead/Bolton
131210083022,Penelope Neighbors
131210089031,Bolton
130890214151,Pine Hills
130890236011,East Lake
130890203002,Edgewood
130890204001,Inman Park
130890205001,Reynoldstown
130890238011,East Atlanta
130890201001,Edmund Park
130890202001,Candler Park
130890203001,Lake Claire
130890203003,Kirkwood
130890205002,Kirkwood
130890207001,Kirkwood
130890208021,The Villages at East Lake
130899800001,East Lake
